Dapil,Kursi,Partai,Suara
ACEH I,7,PKB,133.502
ACEH I,7,GERINDRA,39.880
ACEH I,7,PDIP,51.283
ACEH I,7,GOLKAR,131.538
ACEH I,7,NASDEM,73.431
ACEH I,7,BURUH,3.415
ACEH I,7,GELORA,8.041
ACEH I,7,PKS,53.522
ACEH I,7,PKN,969
ACEH I,7,HANURA,7.113
ACEH I,7,GARUDA,1.458
ACEH I,7,PAN,86.437
ACEH I,7,PBB,7.594
ACEH I,7,DEMOKRAT,58.770
ACEH I,7,PSI,9.049
ACEH I,7,PERINDO,2.526
ACEH I,7,PPP,60.476
ACEH I,7,UMMAT,6.250
ACEH II,6,PKB,151.744
ACEH II,6,GERINDRA,86.605
ACEH II,6,PDIP,13.024
ACEH II,6,GOLKAR,195.160
ACEH II,6,NASDEM,98.466
ACEH II,6,BURUH,3.509
ACEH II,6,GELORA,11.467
ACEH II,6,PKS,60.842
ACEH II,6,PKN,1.913
ACEH II,6,HANURA,15.699
ACEH II,6,GARUDA,3.231
ACEH II,6,PAN,46.570
ACEH II,6,PBB,4.828
ACEH II,6,DEMOKRAT,52.135
ACEH II,6,PSI,6.663
ACEH II,6,PERINDO,2.533
ACEH II,6,PPP,52.121
ACEH II,6,UMMAT,4.411
SUMATERA UTARA I,10,PKB,42.452
SUMATERA UTARA I,10,GERINDRA,57.378
SUMATERA UTARA I,10,PDIP,81.159
SUMATERA UTARA I,10,GOLKAR,82.396
SUMATERA UTARA I,10,NASDEM,34.597
SUMATERA UTARA I,10,BURUH,2.411
SUMATERA UTARA I,10,GELORA,5.387
SUMATERA UTARA I,10,PKS,40.730
SUMATERA UTARA I,10,PKN,407
SUMATERA UTARA I,10,HANURA,3.464
SUMATERA UTARA I,10,GARUDA,891
SUMATERA UTARA I,10,PAN,16.929
SUMATERA UTARA I,10,PBB,1.541
SUMATERA UTARA I,10,DEMOKRAT,29.202
SUMATERA UTARA I,10,PSI,10.389
SUMATERA UTARA I,10,PERINDO,4.060
SUMATERA UTARA I,10,PPP,10.325
SUMATERA UTARA I,10,UMMAT,2.395
SUMATERA UTARA II,10,PKB,40.459
SUMATERA UTARA II,10,GERINDRA,84.016
SUMATERA UTARA II,10,PDIP,107.661
SUMATERA UTARA II,10,GOLKAR,222.351
SUMATERA UTARA II,10,NASDEM,104.815
SUMATERA UTARA II,10,BURUH,3.071
SUMATERA UTARA II,10,GELORA,3.302
SUMATERA UTARA II,10,PKS,29.372
SUMATERA UTARA II,10,PKN,1.037
SUMATERA UTARA II,10,HANURA,7.148
SUMATERA UTARA II,10,GARUDA,1.719
SUMATERA UTARA II,10,PAN,44.735
SUMATERA UTARA II,10,PBB,1.558
SUMATERA UTARA II,10,DEMOKRAT,64.438
SUMATERA UTARA II,10,PSI,7.156
SUMATERA UTARA II,10,PERINDO,31.551
SUMATERA UTARA II,10,PPP,3.137
SUMATERA UTARA II,10,UMMAT,1.024
SUMATERA UTARA III,10,PKB,39.368
SUMATERA UTARA III,10,GERINDRA,126.840
SUMATERA UTARA III,10,PDIP,210.563
SUMATERA UTARA III,10,GOLKAR,251.176
SUMATERA UTARA III,10,NASDEM,172.824
SUMATERA UTARA III,10,BURUH,4.631
SUMATERA UTARA III,10,GELORA,14.290
SUMATERA UTARA III,10,PKS,79.026
SUMATERA UTARA III,10,PKN,937
SUMATERA UTARA III,10,HANURA,11.443
SUMATERA UTARA III,10,GARUDA,2.884
SUMATERA UTARA III,10,PAN,54.626
SUMATERA UTARA III,10,PBB,3.706
SUMATERA UTARA III,10,DEMOKRAT,60.491
SUMATERA UTARA III,10,PSI,20.316
SUMATERA UTARA III,10,PERINDO,22.882
SUMATERA UTARA III,10,PPP,15.357
SUMATERA UTARA III,10,UMMAT,5.322
SUMATERA BARAT I,8,PKB,65.098
SUMATERA BARAT I,8,GERINDRA,179.517
SUMATERA BARAT I,8,PDIP,126.463
SUMATERA BARAT I,8,GOLKAR,144.659
SUMATERA BARAT I,8,NASDEM,223.166
SUMATERA BARAT I,8,BURUH,5.297
SUMATERA BARAT I,8,GELORA,11.231
SUMATERA BARAT I,8,PKS,124.664
SUMATERA BARAT I,8,PKN,1.977
SUMATERA BARAT I,8,HANURA,10.497
SUMATERA BARAT I,8,GARUDA,4.681
SUMATERA BARAT I,8,PAN,143.348
SUMATERA BARAT I,8,PBB,5.349
SUMATERA BARAT I,8,DEMOKRAT,56.913
SUMATERA BARAT I,8,PSI,6.846
SUMATERA BARAT I,8,PERINDO,5.866
SUMATERA BARAT I,8,PPP,28.783
SUMATERA BARAT I,8,UMMAT,11.876
SUMATERA BARAT II,6,PKB,37.919
SUMATERA BARAT II,6,GERINDRA,84.780
SUMATERA BARAT II,6,PDIP,49.123
SUMATERA BARAT II,6,GOLKAR,97.407
SUMATERA BARAT II,6,NASDEM,92.858
SUMATERA BARAT II,6,BURUH,4.626
SUMATERA BARAT II,6,GELORA,4.739
SUMATERA BARAT II,6,PKS,126.575
SUMATERA BARAT II,6,PKN,1.571
SUMATERA BARAT II,6,HANURA,5.055
SUMATERA BARAT II,6,GARUDA,2.519
SUMATERA BARAT II,6,PAN,120.138
SUMATERA BARAT II,6,PBB,4.873
SUMATERA BARAT II,6,DEMOKRAT,111.000
SUMATERA BARAT II,6,PSI,4.427
SUMATERA BARAT II,6,PERINDO,2.272
SUMATERA BARAT II,6,PPP,51.698
SUMATERA BARAT II,6,UMMAT,11.429
RIAU I,7,PKB,68.418
RIAU I,7,GERINDRA,68.714
RIAU I,7,PDIP,96.025
RIAU I,7,GOLKAR,167.856
RIAU I,7,NASDEM,50.223
RIAU I,7,BURUH,3.835
RIAU I,7,GELORA,7.405
RIAU I,7,PKS,93.218
RIAU I,7,PKN,1.596
RIAU I,7,HANURA,5.814
RIAU I,7,GARUDA,1.861
RIAU I,7,PAN,47.293
RIAU I,7,PBB,3.534
RIAU I,7,DEMOKRAT,79.894
RIAU I,7,PSI,29.483
RIAU I,7,PERINDO,13.050
RIAU I,7,PPP,26.543
RIAU I,7,UMMAT,6.919
RIAU II,6,PKB,78.660
RIAU II,6,GERINDRA,65.153
RIAU II,6,PDIP,77.116
RIAU II,6,GOLKAR,145.296
RIAU II,6,NASDEM,68.476
RIAU II,6,BURUH,4.654
RIAU II,6,GELORA,7.323
RIAU II,6,PKS,74.688
RIAU II,6,PKN,1.014
RIAU II,6,HANURA,3.726
RIAU II,6,GARUDA,2.594
RIAU II,6,PAN,67.777
RIAU II,6,PBB,2.787
RIAU II,6,DEMOKRAT,58.154
RIAU II,6,PSI,13.204
RIAU II,6,PERINDO,14.135
RIAU II,6,PPP,13.666
RIAU II,6,UMMAT,2.691
JAMBI,8,PKB,126.669
JAMBI,8,GERINDRA,138.436
JAMBI,8,PDIP,184.618
JAMBI,8,GOLKAR,198.956
JAMBI,8,NASDEM,102.792
JAMBI,8,BURUH,6.958
JAMBI,8,GELORA,34.500
JAMBI,8,PKS,58.799
JAMBI,8,PKN,3.326
JAMBI,8,HANURA,7.801
JAMBI,8,GARUDA,4.234
JAMBI,8,PAN,102.350
JAMBI,8,PBB,3.409
JAMBI,8,DEMOKRAT,117.055
JAMBI,8,PSI,34.739
JAMBI,8,PERINDO,16.271
JAMBI,8,PPP,33.945
JAMBI,8,UMMAT,5.119
SUMATERA SELATAN I,8,PKB,94.426
SUMATERA SELATAN I,8,GERINDRA,135.683
SUMATERA SELATAN I,8,PDIP,106.850
SUMATERA SELATAN I,8,GOLKAR,227.313
SUMATERA SELATAN I,8,NASDEM,190.678
SUMATERA SELATAN I,8,BURUH,6.926
SUMATERA SELATAN I,8,GELORA,11.132
SUMATERA SELATAN I,8,PKS,60.391
SUMATERA SELATAN I,8,PKN,8.229
SUMATERA SELATAN I,8,HANURA,9.017
SUMATERA SELATAN I,8,GARUDA,3.939
SUMATERA SELATAN I,8,PAN,54.762
SUMATERA SELATAN I,8,PBB,4.159
SUMATERA SELATAN I,8,DEMOKRAT,62.785
SUMATERA SELATAN I,8,PSI,33.454
SUMATERA SELATAN I,8,PERINDO,11.035
SUMATERA SELATAN I,8,PPP,8.763
SUMATERA SELATAN I,8,UMMAT,4.643
SUMATERA SELATAN II,9,PKB,150.155
SUMATERA SELATAN II,9,GERINDRA,253.644
SUMATERA SELATAN II,9,PDIP,129.508
SUMATERA SELATAN II,9,GOLKAR,208.973
SUMATERA SELATAN II,9,NASDEM,246.037
SUMATERA SELATAN II,9,BURUH,8.999
SUMATERA SELATAN II,9,GELORA,14.705
SUMATERA SELATAN II,9,PKS,62.073
SUMATERA SELATAN II,9,PKN,3.875
SUMATERA SELATAN II,9,HANURA,19.076
SUMATERA SELATAN II,9,GARUDA,8.652
SUMATERA SELATAN II,9,PAN,79.788
SUMATERA SELATAN II,9,PBB,8.783
SUMATERA SELATAN II,9,DEMOKRAT,160.237
SUMATERA SELATAN II,9,PSI,35.247
SUMATERA SELATAN II,9,PERINDO,12.868
SUMATERA SELATAN II,9,PPP,19.641
SUMATERA SELATAN II,9,UMMAT,4.983
BENGKULU,4,PKB,25.668
BENGKULU,4,GERINDRA,68.574
BENGKULU,4,PDIP,145.229
BENGKULU,4,GOLKAR,256.333
BENGKULU,4,NASDEM,112.311
BENGKULU,4,BURUH,5.603
BENGKULU,4,GELORA,23.107
BENGKULU,4,PKS,57.974
BENGKULU,4,PKN,2.375
BENGKULU,4,HANURA,9.261
BENGKULU,4,GARUDA,3.840
BENGKULU,4,PAN,148.886
BENGKULU,4,PBB,3.349
BENGKULU,4,DEMOKRAT,21.312
BENGKULU,4,PSI,15.527
BENGKULU,4,PERINDO,23.519
BENGKULU,4,PPP,8.343
BENGKULU,4,UMMAT,2.431
LAMPUNG I,10,PKB,225.647
LAMPUNG I,10,GERINDRA,273.278
LAMPUNG I,10,PDIP,236.903
LAMPUNG I,10,GOLKAR,176.710
LAMPUNG I,10,NASDEM,158.503
LAMPUNG I,10,BURUH,9.282
LAMPUNG I,10,GELORA,13.450
LAMPUNG I,10,PKS,114.597
LAMPUNG I,10,PKN,2.376
LAMPUNG I,10,HANURA,6.695
LAMPUNG I,10,GARUDA,5.596
LAMPUNG I,10,PAN,141.006
LAMPUNG I,10,PBB,3.672
LAMPUNG I,10,DEMOKRAT,116.230
LAMPUNG I,10,PSI,59.107
LAMPUNG I,10,PERINDO,11.749
LAMPUNG I,10,PPP,37.840
LAMPUNG I,10,UMMAT,7.258
LAMPUNG II,10,PKB,187.253
LAMPUNG II,10,GERINDRA,288.742
LAMPUNG II,10,PDIP,279.709
LAMPUNG II,10,GOLKAR,292.839
LAMPUNG II,10,NASDEM,147.896
LAMPUNG II,10,BURUH,11.218
LAMPUNG II,10,GELORA,15.722
LAMPUNG II,10,PKS,102.080
LAMPUNG II,10,PKN,2.596
LAMPUNG II,10,HANURA,8.750
LAMPUNG II,10,GARUDA,5.200
LAMPUNG II,10,PAN,113.498
LAMPUNG II,10,PBB,2.904
LAMPUNG II,10,DEMOKRAT,200.672
LAMPUNG II,10,PSI,46.765
LAMPUNG II,10,PERINDO,21.685
LAMPUNG II,10,PPP,10.794
LAMPUNG II,10,UMMAT,4.205
KEPULAUAN BANGKA BELITUNG,3,PKB,21.862
KEPULAUAN BANGKA BELITUNG,3,GERINDRA,103.508
KEPULAUAN BANGKA BELITUNG,3,PDIP,106.923
KEPULAUAN BANGKA BELITUNG,3,GOLKAR,73.541
KEPULAUAN BANGKA BELITUNG,3,NASDEM,48.071
KEPULAUAN BANGKA BELITUNG,3,BURUH,3.399
KEPULAUAN BANGKA BELITUNG,3,GELORA,10.438
KEPULAUAN BANGKA BELITUNG,3,PKS,18.676
KEPULAUAN BANGKA BELITUNG,3,PKN,785
KEPULAUAN BANGKA BELITUNG,3,HANURA,4.479
KEPULAUAN BANGKA BELITUNG,3,GARUDA,1.694
KEPULAUAN BANGKA BELITUNG,3,PAN,7.443
KEPULAUAN BANGKA BELITUNG,3,PBB,12.502
KEPULAUAN BANGKA BELITUNG,3,DEMOKRAT,9.952
KEPULAUAN BANGKA BELITUNG,3,PSI,7.509
KEPULAUAN BANGKA BELITUNG,3,PERINDO,4.883
KEPULAUAN BANGKA BELITUNG,3,PPP,42.546
KEPULAUAN BANGKA BELITUNG,3,UMMAT,1.268
KEPULAUAN RIAU,4,PKB,37.431
KEPULAUAN RIAU,4,GERINDRA,50.146
KEPULAUAN RIAU,4,PDIP,37.775
KEPULAUAN RIAU,4,GOLKAR,67.979
KEPULAUAN RIAU,4,NASDEM,42.658
KEPULAUAN RIAU,4,BURUH,2.669
KEPULAUAN RIAU,4,GELORA,4.723
KEPULAUAN RIAU,4,PKS,28.512
KEPULAUAN RIAU,4,PKN,609
KEPULAUAN RIAU,4,HANURA,5.075
KEPULAUAN RIAU,4,GARUDA,1.184
KEPULAUAN RIAU,4,PAN,16.885
KEPULAUAN RIAU,4,PBB,1.412
KEPULAUAN RIAU,4,DEMOKRAT,21.844
KEPULAUAN RIAU,4,PSI,11.663
KEPULAUAN RIAU,4,PERINDO,5.568
KEPULAUAN RIAU,4,PPP,4.175
KEPULAUAN RIAU,4,UMMAT,1.998
DKI JAKARTA I,6,PKB,42.929
DKI JAKARTA I,6,GERINDRA,60.774
DKI JAKARTA I,6,PDIP,91.779
DKI JAKARTA I,6,GOLKAR,35.363
DKI JAKARTA I,6,NASDEM,33.509
DKI JAKARTA I,6,BURUH,8.078
DKI JAKARTA I,6,GELORA,3.871
DKI JAKARTA I,6,PKS,119.812
DKI JAKARTA I,6,PKN,1.320
DKI JAKARTA I,6,HANURA,2.562
DKI JAKARTA I,6,GARUDA,1.226
DKI JAKARTA I,6,PAN,44.602
DKI JAKARTA I,6,PBB,1.413
DKI JAKARTA I,6,DEMOKRAT,29.432
DKI JAKARTA I,6,PSI,39.276
DKI JAKARTA I,6,PERINDO,7.845
DKI JAKARTA I,6,PPP,22.676
DKI JAKARTA I,6,UMMAT,4.461
DKI JAKARTA II,7,PKB,78.687
DKI JAKARTA II,7,GERINDRA,136.943
DKI JAKARTA II,7,PDIP,166.149
DKI JAKARTA II,7,GOLKAR,105.578
DKI JAKARTA II,7,NASDEM,47.678
DKI JAKARTA II,7,BURUH,12.100
DKI JAKARTA II,7,GELORA,9.056
DKI JAKARTA II,7,PKS,183.472
DKI JAKARTA II,7,PKN,1.983
DKI JAKARTA II,7,HANURA,4.213
DKI JAKARTA II,7,GARUDA,3.232
DKI JAKARTA II,7,PAN,93.222
DKI JAKARTA II,7,PBB,3.406
DKI JAKARTA II,7,DEMOKRAT,54.535
DKI JAKARTA II,7,PSI,88.235
DKI JAKARTA II,7,PERINDO,24.170
DKI JAKARTA II,7,PPP,28.356
DKI JAKARTA II,7,UMMAT,8.109
DKI JAKARTA III,8,PKB,17.456
DKI JAKARTA III,8,GERINDRA,47.216
DKI JAKARTA III,8,PDIP,82.646
DKI JAKARTA III,8,GOLKAR,65.204
DKI JAKARTA III,8,NASDEM,46.930
DKI JAKARTA III,8,BURUH,3.999
DKI JAKARTA III,8,GELORA,4.468
DKI JAKARTA III,8,PKS,63.930
DKI JAKARTA III,8,PKN,1.042
DKI JAKARTA III,8,HANURA,1.534
DKI JAKARTA III,8,GARUDA,1.054
DKI JAKARTA III,8,PAN,31.422
DKI JAKARTA III,8,PBB,1.053
DKI JAKARTA III,8,DEMOKRAT,26.726
DKI JAKARTA III,8,PSI,66.751
DKI JAKARTA III,8,PERINDO,13.624
DKI JAKARTA III,8,PPP,7.213
DKI JAKARTA III,8,UMMAT,2.521
JAWA BARAT I,7,PKB,51.014
JAWA BARAT I,7,GERINDRA,78.785
JAWA BARAT I,7,PDIP,58.626
JAWA BARAT I,7,GOLKAR,137.996
JAWA BARAT I,7,NASDEM,45.417
JAWA BARAT I,7,BURUH,5.776
JAWA BARAT I,7,GELORA,8.374
JAWA BARAT I,7,PKS,137.076
JAWA BARAT I,7,PKN,832
JAWA BARAT I,7,HANURA,5.675
JAWA BARAT I,7,GARUDA,1.289
JAWA BARAT I,7,PAN,33.161
JAWA BARAT I,7,PBB,1.890
JAWA BARAT I,7,DEMOKRAT,48.723
JAWA BARAT I,7,PSI,31.708
JAWA BARAT I,7,PERINDO,9.391
JAWA BARAT I,7,PPP,7.432
JAWA BARAT I,7,UMMAT,3.373
JAWA BARAT II,10,PKB,316.879
JAWA BARAT II,10,GERINDRA,210.713
JAWA BARAT II,10,PDIP,146.259
JAWA BARAT II,10,GOLKAR,291.942
JAWA BARAT II,10,NASDEM,136.893
JAWA BARAT II,10,BURUH,12.658
JAWA BARAT II,10,GELORA,18.241
JAWA BARAT II,10,PKS,218.071
JAWA BARAT II,10,PKN,3.035
JAWA BARAT II,10,HANURA,7.687
JAWA BARAT II,10,GARUDA,4.018
JAWA BARAT II,10,PAN,133.390
JAWA BARAT II,10,PBB,5.434
JAWA BARAT II,10,DEMOKRAT,170.043
JAWA BARAT II,10,PSI,46.890
JAWA BARAT II,10,PERINDO,12.593
JAWA BARAT II,10,PPP,41.546
JAWA BARAT II,10,UMMAT,5.925
JAWA BARAT III,9,PKB,36.100
JAWA BARAT III,9,GERINDRA,71.073
JAWA BARAT III,9,PDIP,76.037
JAWA BARAT III,9,GOLKAR,84.846
JAWA BARAT III,9,NASDEM,34.392
JAWA BARAT III,9,BURUH,3.300
JAWA BARAT III,9,GELORA,5.999
JAWA BARAT III,9,PKS,64.634
JAWA BARAT III,9,PKN,967
JAWA BARAT III,9,HANURA,1.487
JAWA BARAT III,9,GARUDA,901
JAWA BARAT III,9,PAN,36.769
JAWA BARAT III,9,PBB,1.509
JAWA BARAT III,9,DEMOKRAT,21.380
JAWA BARAT III,9,PSI,15.744
JAWA BARAT III,9,PERINDO,3.189
JAWA BARAT III,9,PPP,18.971
JAWA BARAT III,9,UMMAT,1.927
JAWA BARAT IV,6,PKB,92.069
JAWA BARAT IV,6,GERINDRA,129.289
JAWA BARAT IV,6,PDIP,50.338
JAWA BARAT IV,6,GOLKAR,110.997
JAWA BARAT IV,6,NASDEM,44.661
JAWA BARAT IV,6,BURUH,3.333
JAWA BARAT IV,6,GELORA,13.190
JAWA BARAT IV,6,PKS,95.468
JAWA BARAT IV,6,PKN,1.029
JAWA BARAT IV,6,HANURA,1.883
JAWA BARAT IV,6,GARUDA,2.058
JAWA BARAT IV,6,PAN,46.194
JAWA BARAT IV,6,PBB,2.723
JAWA BARAT IV,6,DEMOKRAT,61.135
JAWA BARAT IV,6,PSI,11.901
JAWA BARAT IV,6,PERINDO,4.792
JAWA BARAT IV,6,PPP,39.897
JAWA BARAT IV,6,UMMAT,2.226
JAWA BARAT V,9,PKB,127.929
JAWA BARAT V,9,GERINDRA,253.131
JAWA BARAT V,9,PDIP,117.704
JAWA BARAT V,9,GOLKAR,217.870
JAWA BARAT V,9,NASDEM,98.587
JAWA BARAT V,9,BURUH,11.989
JAWA BARAT V,9,GELORA,24.445
JAWA BARAT V,9,PKS,165.661
JAWA BARAT V,9,PKN,3.513
JAWA BARAT V,9,HANURA,6.803
JAWA BARAT V,9,GARUDA,4.336
JAWA BARAT V,9,PAN,115.437
JAWA BARAT V,9,PBB,6.860
JAWA BARAT V,9,DEMOKRAT,77.920
JAWA BARAT V,9,PSI,53.436
JAWA BARAT V,9,PERINDO,17.889
JAWA BARAT V,9,PPP,82.226
JAWA BARAT V,9,UMMAT,6.602
JAWA BARAT VI,6,PKB,39.187
JAWA BARAT VI,6,GERINDRA,53.550
JAWA BARAT VI,6,PDIP,45.166
JAWA BARAT VI,6,GOLKAR,81.515
JAWA BARAT VI,6,NASDEM,23.105
JAWA BARAT VI,6,BURUH,5.841
JAWA BARAT VI,6,GELORA,4.340
JAWA BARAT VI,6,PKS,103.382
JAWA BARAT VI,6,PKN,1.347
JAWA BARAT VI,6,HANURA,941
JAWA BARAT VI,6,GARUDA,962
JAWA BARAT VI,6,PAN,33.949
JAWA BARAT VI,6,PBB,1.063
JAWA BARAT VI,6,DEMOKRAT,24.929
JAWA BARAT VI,6,PSI,24.958
JAWA BARAT VI,6,PERINDO,5.395
JAWA BARAT VI,6,PPP,6.400
JAWA BARAT VI,6,UMMAT,3.158
JAWA BARAT VII,10,PKB,70.727
JAWA BARAT VII,10,GERINDRA,264.578
JAWA BARAT VII,10,PDIP,97.273
JAWA BARAT VII,10,GOLKAR,143.032
JAWA BARAT VII,10,NASDEM,83.259
JAWA BARAT VII,10,BURUH,19.854
JAWA BARAT VII,10,GELORA,16.994
JAWA BARAT VII,10,PKS,111.083
JAWA BARAT VII,10,PKN,1.956
JAWA BARAT VII,10,HANURA,3.917
JAWA BARAT VII,10,GARUDA,2.783
JAWA BARAT VII,10,PAN,64.273
JAWA BARAT VII,10,PBB,4.402
JAWA BARAT VII,10,DEMOKRAT,115.078
JAWA BARAT VII,10,PSI,38.899
JAWA BARAT VII,10,PERINDO,7.806
JAWA BARAT VII,10,PPP,19.426
JAWA BARAT VII,10,UMMAT,3.389
JAWA BARAT VIII,9,PKB,151.412
JAWA BARAT VIII,9,GERINDRA,149.886
JAWA BARAT VIII,9,PDIP,218.911
JAWA BARAT VIII,9,GOLKAR,234.176
JAWA BARAT VIII,9,NASDEM,86.189
JAWA BARAT VIII,9,BURUH,9.531
JAWA BARAT VIII,9,GELORA,29.913
JAWA BARAT VIII,9,PKS,84.112
JAWA BARAT VIII,9,PKN,2.416
JAWA BARAT VIII,9,HANURA,12.947
JAWA BARAT VIII,9,GARUDA,2.670
JAWA BARAT VIII,9,PAN,60.361
JAWA BARAT VIII,9,PBB,1.979
JAWA BARAT VIII,9,DEMOKRAT,77.084
JAWA BARAT VIII,9,PSI,58.095
JAWA BARAT VIII,9,PERINDO,14.146
JAWA BARAT VIII,9,PPP,48.834
JAWA BARAT VIII,9,UMMAT,2.835
JAWA BARAT IX,8,PKB,97.305
JAWA BARAT IX,8,GERINDRA,171.359
JAWA BARAT IX,8,PDIP,179.502
JAWA BARAT IX,8,GOLKAR,231.306
JAWA BARAT IX,8,NASDEM,51.197
JAWA BARAT IX,8,BURUH,8.057
JAWA BARAT IX,8,GELORA,22.985
JAWA BARAT IX,8,PKS,150.715
JAWA BARAT IX,8,PKN,1.903
JAWA BARAT IX,8,HANURA,3.302
JAWA BARAT IX,8,GARUDA,3.129
JAWA BARAT IX,8,PAN,127.433
JAWA BARAT IX,8,PBB,2.474
JAWA BARAT IX,8,DEMOKRAT,45.677
JAWA BARAT IX,8,PSI,25.596
JAWA BARAT IX,8,PERINDO,8.590
JAWA BARAT IX,8,PPP,108.477
JAWA BARAT IX,8,UMMAT,4.389
JAWA BARAT X,7,PKB,65.978
JAWA BARAT X,7,GERINDRA,89.905
JAWA BARAT X,7,PDIP,105.717
JAWA BARAT X,7,GOLKAR,85.181
JAWA BARAT X,7,NASDEM,35.736
JAWA BARAT X,7,BURUH,3.037
JAWA BARAT X,7,GELORA,6.787
JAWA BARAT X,7,PKS,61.975
JAWA BARAT X,7,PKN,834
JAWA BARAT X,7,HANURA,2.011
JAWA BARAT X,7,GARUDA,1.385
JAWA BARAT X,7,PAN,40.998
JAWA BARAT X,7,PBB,2.471
JAWA BARAT X,7,DEMOKRAT,31.690
JAWA BARAT X,7,PSI,10.773
JAWA BARAT X,7,PERINDO,2.501
JAWA BARAT X,7,PPP,34.447
JAWA BARAT X,7,UMMAT,1.955
JAWA BARAT XI,10,PKB,298.387
JAWA BARAT XI,10,GERINDRA,318.531
JAWA BARAT XI,10,PDIP,176.532
JAWA BARAT XI,10,GOLKAR,292.841
JAWA BARAT XI,10,NASDEM,92.802
JAWA BARAT XI,10,BURUH,9.587
JAWA BARAT XI,10,GELORA,20.616
JAWA BARAT XI,10,PKS,187.739
JAWA BARAT XI,10,PKN,2.433
JAWA BARAT XI,10,HANURA,6.873
JAWA BARAT XI,10,GARUDA,5.426
JAWA BARAT XI,10,PAN,133.521
JAWA BARAT XI,10,PBB,9.997
JAWA BARAT XI,10,DEMOKRAT,73.908
JAWA BARAT XI,10,PSI,31.505
JAWA BARAT XI,10,PERINDO,12.665
JAWA BARAT XI,10,PPP,170.007
JAWA BARAT XI,10,UMMAT,10.948
JAWA TENGAH I,8,PKB,125.848
JAWA TENGAH I,8,GERINDRA,93.232
JAWA TENGAH I,8,PDIP,331.904
JAWA TENGAH I,8,GOLKAR,151.821
JAWA TENGAH I,8,NASDEM,79.509
JAWA TENGAH I,8,BURUH,7.312
JAWA TENGAH I,8,GELORA,12.749
JAWA TENGAH I,8,PKS,107.021
JAWA TENGAH I,8,PKN,1.304
JAWA TENGAH I,8,HANURA,8.970
JAWA TENGAH I,8,GARUDA,2.651
JAWA TENGAH I,8,PAN,77.809
JAWA TENGAH I,8,PBB,1.788
JAWA TENGAH I,8,DEMOKRAT,74.943
JAWA TENGAH I,8,PSI,53.565
JAWA TENGAH I,8,PERINDO,14.583
JAWA TENGAH I,8,PPP,67.221
JAWA TENGAH I,8,UMMAT,5.197
JAWA TENGAH II,7,PKB,159.494
JAWA TENGAH II,7,GERINDRA,92.170
JAWA TENGAH II,7,PDIP,187.501
JAWA TENGAH II,7,GOLKAR,288.743
JAWA TENGAH II,7,NASDEM,130.280
JAWA TENGAH II,7,BURUH,3.838
JAWA TENGAH II,7,GELORA,7.845
JAWA TENGAH II,7,PKS,21.090
JAWA TENGAH II,7,PKN,1.146
JAWA TENGAH II,7,HANURA,10.620
JAWA TENGAH II,7,GARUDA,2.801
JAWA TENGAH II,7,PAN,45.379
JAWA TENGAH II,7,PBB,1.507
JAWA TENGAH II,7,DEMOKRAT,58.177
JAWA TENGAH II,7,PSI,32.546
JAWA TENGAH II,7,PERINDO,11.746
JAWA TENGAH II,7,PPP,98.816
JAWA TENGAH II,7,UMMAT,4.033
JAWA TENGAH III,9,PKB,222.435
JAWA TENGAH III,9,GERINDRA,188.347
JAWA TENGAH III,9,PDIP,427.072
JAWA TENGAH III,9,GOLKAR,119.156
JAWA TENGAH III,9,NASDEM,88.870
JAWA TENGAH III,9,BURUH,7.031
JAWA TENGAH III,9,GELORA,16.860
JAWA TENGAH III,9,PKS,48.563
JAWA TENGAH III,9,PKN,3.113
JAWA TENGAH III,9,HANURA,46.196
JAWA TENGAH III,9,GARUDA,4.123
JAWA TENGAH III,9,PAN,49.728
JAWA TENGAH III,9,PBB,2.535
JAWA TENGAH III,9,DEMOKRAT,145.407
JAWA TENGAH III,9,PSI,48.299
JAWA TENGAH III,9,PERINDO,9.509
JAWA TENGAH III,9,PPP,83.057
JAWA TENGAH III,9,UMMAT,4.167
JAWA TENGAH IV,7,PKB,68.018
JAWA TENGAH IV,7,GERINDRA,92.668
JAWA TENGAH IV,7,PDIP,447.477
JAWA TENGAH IV,7,GOLKAR,154.443
JAWA TENGAH IV,7,NASDEM,28.077
JAWA TENGAH IV,7,BURUH,4.075
JAWA TENGAH IV,7,GELORA,15.603
JAWA TENGAH IV,7,PKS,132.050
JAWA TENGAH IV,7,PKN,715
JAWA TENGAH IV,7,HANURA,1.261
JAWA TENGAH IV,7,GARUDA,1.725
JAWA TENGAH IV,7,PAN,42.183
JAWA TENGAH IV,7,PBB,728
JAWA TENGAH IV,7,DEMOKRAT,118.809
JAWA TENGAH IV,7,PSI,19.981
JAWA TENGAH IV,7,PERINDO,1.794
JAWA TENGAH IV,7,PPP,3.453
JAWA TENGAH IV,7,UMMAT,2.321
JAWA TENGAH V,8,PKB,83.904
JAWA TENGAH V,8,GERINDRA,195.425
JAWA TENGAH V,8,PDIP,503.229
JAWA TENGAH V,8,GOLKAR,211.590
JAWA TENGAH V,8,NASDEM,77.535
JAWA TENGAH V,8,BURUH,6.336
JAWA TENGAH V,8,GELORA,6.640
JAWA TENGAH V,8,PKS,124.670
JAWA TENGAH V,8,PKN,1.436
JAWA TENGAH V,8,HANURA,2.167
JAWA TENGAH V,8,GARUDA,2.752
JAWA TENGAH V,8,PAN,87.067
JAWA TENGAH V,8,PBB,1.697
JAWA TENGAH V,8,DEMOKRAT,88.889
JAWA TENGAH V,8,PSI,84.900
JAWA TENGAH V,8,PERINDO,5.808
JAWA TENGAH V,8,PPP,9.828
JAWA TENGAH V,8,UMMAT,7.815
JAWA TENGAH VI,8,PKB,283.971
JAWA TENGAH VI,8,GERINDRA,158.405
JAWA TENGAH VI,8,PDIP,478.988
JAWA TENGAH VI,8,GOLKAR,147.700
JAWA TENGAH VI,8,NASDEM,100.674
JAWA TENGAH VI,8,BURUH,5.244
JAWA TENGAH VI,8,GELORA,9.884
JAWA TENGAH VI,8,PKS,87.567
JAWA TENGAH VI,8,PKN,1.579
JAWA TENGAH VI,8,HANURA,5.202
JAWA TENGAH VI,8,GARUDA,2.681
JAWA TENGAH VI,8,PAN,66.176
JAWA TENGAH VI,8,PBB,1.743
JAWA TENGAH VI,8,DEMOKRAT,106.951
JAWA TENGAH VI,8,PSI,31.057
JAWA TENGAH VI,8,PERINDO,8.492
JAWA TENGAH VI,8,PPP,97.683
JAWA TENGAH VI,8,UMMAT,7.235
JAWA TENGAH VII,7,PKB,180.910
JAWA TENGAH VII,7,GERINDRA,132.235
JAWA TENGAH VII,7,PDIP,253.109
JAWA TENGAH VII,7,GOLKAR,93.339
JAWA TENGAH VII,7,NASDEM,130.257
JAWA TENGAH VII,7,BURUH,5.067
JAWA TENGAH VII,7,GELORA,14.251
JAWA TENGAH VII,7,PKS,112.244
JAWA TENGAH VII,7,PKN,1.396
JAWA TENGAH VII,7,HANURA,3.379
JAWA TENGAH VII,7,GARUDA,2.969
JAWA TENGAH VII,7,PAN,140.712
JAWA TENGAH VII,7,PBB,1.983
JAWA TENGAH VII,7,DEMOKRAT,87.058
JAWA TENGAH VII,7,PSI,23.053
JAWA TENGAH VII,7,PERINDO,10.828
JAWA TENGAH VII,7,PPP,43.322
JAWA TENGAH VII,7,UMMAT,4.418
JAWA TENGAH VIII,8,PKB,179.162
JAWA TENGAH VIII,8,GERINDRA,213.421
JAWA TENGAH VIII,8,PDIP,372.577
JAWA TENGAH VIII,8,GOLKAR,169.581
JAWA TENGAH VIII,8,NASDEM,103.350
JAWA TENGAH VIII,8,BURUH,6.573
JAWA TENGAH VIII,8,GELORA,9.029
JAWA TENGAH VIII,8,PKS,86.682
JAWA TENGAH VIII,8,PKN,2.396
JAWA TENGAH VIII,8,HANURA,2.103
JAWA TENGAH VIII,8,GARUDA,3.117
JAWA TENGAH VIII,8,PAN,87.581
JAWA TENGAH VIII,8,PBB,1.893
JAWA TENGAH VIII,8,DEMOKRAT,112.156
JAWA TENGAH VIII,8,PSI,33.425
JAWA TENGAH VIII,8,PERINDO,20.014
JAWA TENGAH VIII,8,PPP,56.914
JAWA TENGAH VIII,8,UMMAT,5.793
JAWA TENGAH IX,8,PKB,201.190
JAWA TENGAH IX,8,GERINDRA,135.399
JAWA TENGAH IX,8,PDIP,377.821
JAWA TENGAH IX,8,GOLKAR,101.323
JAWA TENGAH IX,8,NASDEM,46.326
JAWA TENGAH IX,8,BURUH,4.022
JAWA TENGAH IX,8,GELORA,6.398
JAWA TENGAH IX,8,PKS,103.851
JAWA TENGAH IX,8,PKN,1.014
JAWA TENGAH IX,8,HANURA,2.630
JAWA TENGAH IX,8,GARUDA,1.608
JAWA TENGAH IX,8,PAN,67.844
JAWA TENGAH IX,8,PBB,1.465
JAWA TENGAH IX,8,DEMOKRAT,22.871
JAWA TENGAH IX,8,PSI,30.359
JAWA TENGAH IX,8,PERINDO,7.371
JAWA TENGAH IX,8,PPP,40.417
JAWA TENGAH IX,8,UMMAT,6.461
JAWA TENGAH X,7,PKB,207.092
JAWA TENGAH X,7,GERINDRA,118.058
JAWA TENGAH X,7,PDIP,184.610
JAWA TENGAH X,7,GOLKAR,255.919
JAWA TENGAH X,7,NASDEM,58.063
JAWA TENGAH X,7,BURUH,2.970
JAWA TENGAH X,7,GELORA,6.284
JAWA TENGAH X,7,PKS,61.753
JAWA TENGAH X,7,PKN,1.001
JAWA TENGAH X,7,HANURA,2.083
JAWA TENGAH X,7,GARUDA,1.815
JAWA TENGAH X,7,PAN,67.038
JAWA TENGAH X,7,PBB,1.124
JAWA TENGAH X,7,DEMOKRAT,18.619
JAWA TENGAH X,7,PSI,22.610
JAWA TENGAH X,7,PERINDO,11.569
JAWA TENGAH X,7,PPP,48.021
JAWA TENGAH X,7,UMMAT,6.738
DAERAH ISTIMEWA YOGYAKARTA,8,PKB,123.151
DAERAH ISTIMEWA YOGYAKARTA,8,GERINDRA,131.277
DAERAH ISTIMEWA YOGYAKARTA,8,PDIP,272.779
DAERAH ISTIMEWA YOGYAKARTA,8,GOLKAR,164.860
DAERAH ISTIMEWA YOGYAKARTA,8,NASDEM,68.731
DAERAH ISTIMEWA YOGYAKARTA,8,BURUH,6.923
DAERAH ISTIMEWA YOGYAKARTA,8,GELORA,13.449
DAERAH ISTIMEWA YOGYAKARTA,8,PKS,127.050
DAERAH ISTIMEWA YOGYAKARTA,8,PKN,1.779
DAERAH ISTIMEWA YOGYAKARTA,8,HANURA,2.311
DAERAH ISTIMEWA YOGYAKARTA,8,GARUDA,2.499
DAERAH ISTIMEWA YOGYAKARTA,8,PAN,96.399
DAERAH ISTIMEWA YOGYAKARTA,8,PBB,1.509
DAERAH ISTIMEWA YOGYAKARTA,8,DEMOKRAT,25.999
DAERAH ISTIMEWA YOGYAKARTA,8,PSI,36.360
DAERAH ISTIMEWA YOGYAKARTA,8,PERINDO,4.830
DAERAH ISTIMEWA YOGYAKARTA,8,PPP,18.956
DAERAH ISTIMEWA YOGYAKARTA,8,UMMAT,24.051
JAWA TIMUR I,10,PKB,135.789
JAWA TIMUR I,10,GERINDRA,240.148
JAWA TIMUR I,10,PDIP,178.148
JAWA TIMUR I,10,GOLKAR,102.792
JAWA TIMUR I,10,NASDEM,83.080
JAWA TIMUR I,10,BURUH,10.468
JAWA TIMUR I,10,GELORA,15.560
JAWA TIMUR I,10,PKS,71.688
JAWA TIMUR I,10,PKN,1.682
JAWA TIMUR I,10,HANURA,3.609
JAWA TIMUR I,10,GARUDA,2.747
JAWA TIMUR I,10,PAN,109.231
JAWA TIMUR I,10,PBB,2.548
JAWA TIMUR I,10,DEMOKRAT,54.524
JAWA TIMUR I,10,PSI,77.468
JAWA TIMUR I,10,PERINDO,28.691
JAWA TIMUR I,10,PPP,15.713
JAWA TIMUR I,10,UMMAT,6.749
JAWA TIMUR II,7,PKB,424.674
JAWA TIMUR II,7,GERINDRA,286.643
JAWA TIMUR II,7,PDIP,141.638
JAWA TIMUR II,7,GOLKAR,140.536
JAWA TIMUR II,7,NASDEM,134.431
JAWA TIMUR II,7,BURUH,14.745
JAWA TIMUR II,7,GELORA,34.863
JAWA TIMUR II,7,PKS,71.459
JAWA TIMUR II,7,PKN,1.721
JAWA TIMUR II,7,HANURA,9.609
JAWA TIMUR II,7,GARUDA,3.453
JAWA TIMUR II,7,PAN,97.739
JAWA TIMUR II,7,PBB,2.144
JAWA TIMUR II,7,DEMOKRAT,35.694
JAWA TIMUR II,7,PSI,44.455
JAWA TIMUR II,7,PERINDO,15.947
JAWA TIMUR II,7,PPP,53.198
JAWA TIMUR II,7,UMMAT,3.580
JAWA TIMUR III,7,PKB,258.564
JAWA TIMUR III,7,GERINDRA,183.077
JAWA TIMUR III,7,PDIP,202.023
JAWA TIMUR III,7,GOLKAR,188.251
JAWA TIMUR III,7,NASDEM,55.896
JAWA TIMUR III,7,BURUH,4.784
JAWA TIMUR III,7,GELORA,12.324
JAWA TIMUR III,7,PKS,30.118
JAWA TIMUR III,7,PKN,1.759
JAWA TIMUR III,7,HANURA,5.154
JAWA TIMUR III,7,GARUDA,3.351
JAWA TIMUR III,7,PAN,24.115
JAWA TIMUR III,7,PBB,3.014
JAWA TIMUR III,7,DEMOKRAT,71.544
JAWA TIMUR III,7,PSI,48.658
JAWA TIMUR III,7,PERINDO,11.461
JAWA TIMUR III,7,PPP,107.899
JAWA TIMUR III,7,UMMAT,3.916
JAWA TIMUR IV,8,PKB,207.202
JAWA TIMUR IV,8,GERINDRA,181.310
JAWA TIMUR IV,8,PDIP,168.750
JAWA TIMUR IV,8,GOLKAR,131.550
JAWA TIMUR IV,8,NASDEM,90.781
JAWA TIMUR IV,8,BURUH,3.912
JAWA TIMUR IV,8,GELORA,5.779
JAWA TIMUR IV,8,PKS,76.157
JAWA TIMUR IV,8,PKN,1.043
JAWA TIMUR IV,8,HANURA,1.816
JAWA TIMUR IV,8,GARUDA,3.053
JAWA TIMUR IV,8,PAN,55.622
JAWA TIMUR IV,8,PBB,2.197
JAWA TIMUR IV,8,DEMOKRAT,27.661
JAWA TIMUR IV,8,PSI,28.859
JAWA TIMUR IV,8,PERINDO,26.267
JAWA TIMUR IV,8,PPP,70.287
JAWA TIMUR IV,8,UMMAT,3.443
JAWA TIMUR V,8,PKB,254.551
JAWA TIMUR V,8,GERINDRA,210.823
JAWA TIMUR V,8,PDIP,243.119
JAWA TIMUR V,8,GOLKAR,163.103
JAWA TIMUR V,8,NASDEM,66.615
JAWA TIMUR V,8,BURUH,5.715
JAWA TIMUR V,8,GELORA,11.573
JAWA TIMUR V,8,PKS,92.716
JAWA TIMUR V,8,PKN,1.193
JAWA TIMUR V,8,HANURA,2.665
JAWA TIMUR V,8,GARUDA,2.524
JAWA TIMUR V,8,PAN,30.233
JAWA TIMUR V,8,PBB,1.638
JAWA TIMUR V,8,DEMOKRAT,44.827
JAWA TIMUR V,8,PSI,40.646
JAWA TIMUR V,8,PERINDO,6.395
JAWA TIMUR V,8,PPP,57.471
JAWA TIMUR V,8,UMMAT,2.853
JAWA TIMUR VI,9,PKB,311.886
JAWA TIMUR VI,9,GERINDRA,253.062
JAWA TIMUR VI,9,PDIP,428.617
JAWA TIMUR VI,9,GOLKAR,299.888
JAWA TIMUR VI,9,NASDEM,141.897
JAWA TIMUR VI,9,BURUH,7.349
JAWA TIMUR VI,9,GELORA,12.367
JAWA TIMUR VI,9,PKS,50.602
JAWA TIMUR VI,9,PKN,5.011
JAWA TIMUR VI,9,HANURA,7.155
JAWA TIMUR VI,9,GARUDA,4.832
JAWA TIMUR VI,9,PAN,134.812
JAWA TIMUR VI,9,PBB,2.486
JAWA TIMUR VI,9,DEMOKRAT,94.815
JAWA TIMUR VI,9,PSI,116.407
JAWA TIMUR VI,9,PERINDO,19.507
JAWA TIMUR VI,9,PPP,52.451
JAWA TIMUR VI,9,UMMAT,6.777
JAWA TIMUR VII,8,PKB,200.756
JAWA TIMUR VII,8,GERINDRA,167.926
JAWA TIMUR VII,8,PDIP,312.780
JAWA TIMUR VII,8,GOLKAR,157.898
JAWA TIMUR VII,8,NASDEM,85.505
JAWA TIMUR VII,8,BURUH,5.241
JAWA TIMUR VII,8,GELORA,48.106
JAWA TIMUR VII,8,PKS,96.775
JAWA TIMUR VII,8,PKN,1.346
JAWA TIMUR VII,8,HANURA,8.606
JAWA TIMUR VII,8,GARUDA,3.813
JAWA TIMUR VII,8,PAN,74.052
JAWA TIMUR VII,8,PBB,1.684
JAWA TIMUR VII,8,DEMOKRAT,375.236
JAWA TIMUR VII,8,PSI,48.935
JAWA TIMUR VII,8,PERINDO,11.422
JAWA TIMUR VII,8,PPP,22.318
JAWA TIMUR VII,8,UMMAT,3.821
JAWA TIMUR VIII,10,PKB,415.102
JAWA TIMUR VIII,10,GERINDRA,239.051
JAWA TIMUR VIII,10,PDIP,254.427
JAWA TIMUR VIII,10,GOLKAR,248.922
JAWA TIMUR VIII,10,NASDEM,275.029
JAWA TIMUR VIII,10,BURUH,9.881
JAWA TIMUR VIII,10,GELORA,12.047
JAWA TIMUR VIII,10,PKS,148.095
JAWA TIMUR VIII,10,PKN,3.750
JAWA TIMUR VIII,10,HANURA,18.731
JAWA TIMUR VIII,10,GARUDA,4.602
JAWA TIMUR VIII,10,PAN,144.730
JAWA TIMUR VIII,10,PBB,3.627
JAWA TIMUR VIII,10,DEMOKRAT,142.061
JAWA TIMUR VIII,10,PSI,82.277
JAWA TIMUR VIII,10,PERINDO,19.751
JAWA TIMUR VIII,10,PPP,96.294
JAWA TIMUR VIII,10,UMMAT,5.416
JAWA TIMUR IX,6,PKB,258.170
JAWA TIMUR IX,6,GERINDRA,103.711
JAWA TIMUR IX,6,PDIP,96.661
JAWA TIMUR IX,6,GOLKAR,298.311
JAWA TIMUR IX,6,NASDEM,73.932
JAWA TIMUR IX,6,BURUH,4.197
JAWA TIMUR IX,6,GELORA,25.442
JAWA TIMUR IX,6,PKS,35.411
JAWA TIMUR IX,6,PKN,2.007
JAWA TIMUR IX,6,HANURA,3.898
JAWA TIMUR IX,6,GARUDA,2.682
JAWA TIMUR IX,6,PAN,50.810
JAWA TIMUR IX,6,PBB,5.596
JAWA TIMUR IX,6,DEMOKRAT,62.014
JAWA TIMUR IX,6,PSI,26.735
JAWA TIMUR IX,6,PERINDO,3.867
JAWA TIMUR IX,6,PPP,18.907
JAWA TIMUR IX,6,UMMAT,2.214
JAWA TIMUR X,6,PKB,157.325
JAWA TIMUR X,6,GERINDRA,89.925
JAWA TIMUR X,6,PDIP,191.625
JAWA TIMUR X,6,GOLKAR,136.999
JAWA TIMUR X,6,NASDEM,84.505
JAWA TIMUR X,6,BURUH,5.741
JAWA TIMUR X,6,GELORA,3.116
JAWA TIMUR X,6,PKS,13.501
JAWA TIMUR X,6,PKN,561
JAWA TIMUR X,6,HANURA,1.330
JAWA TIMUR X,6,GARUDA,1.378
JAWA TIMUR X,6,PAN,52.102
JAWA TIMUR X,6,PBB,1.170
JAWA TIMUR X,6,DEMOKRAT,29.504
JAWA TIMUR X,6,PSI,29.126
JAWA TIMUR X,6,PERINDO,6.195
JAWA TIMUR X,6,PPP,49.772
JAWA TIMUR X,6,UMMAT,8.232
JAWA TIMUR XI,8,PKB,33.921
JAWA TIMUR XI,8,GERINDRA,15.614
JAWA TIMUR XI,8,PDIP,90.994
JAWA TIMUR XI,8,GOLKAR,42.619
JAWA TIMUR XI,8,NASDEM,16.437
JAWA TIMUR XI,8,BURUH,683
JAWA TIMUR XI,8,GELORA,1.984
JAWA TIMUR XI,8,PKS,5.416
JAWA TIMUR XI,8,PKN,391
JAWA TIMUR XI,8,HANURA,674
JAWA TIMUR XI,8,GARUDA,512
JAWA TIMUR XI,8,PAN,36.776
JAWA TIMUR XI,8,PBB,922
JAWA TIMUR XI,8,DEMOKRAT,22.206
JAWA TIMUR XI,8,PSI,3.708
JAWA TIMUR XI,8,PERINDO,672
JAWA TIMUR XI,8,PPP,40.319
JAWA TIMUR XI,8,UMMAT,831
BANTEN I,6,PKB,187.559
BANTEN I,6,GERINDRA,91.464
BANTEN I,6,PDIP,92.625
BANTEN I,6,GOLKAR,73.114
BANTEN I,6,NASDEM,81.472
BANTEN I,6,BURUH,6.772
BANTEN I,6,GELORA,10.231
BANTEN I,6,PKS,63.114
BANTEN I,6,PKN,2.397
BANTEN I,6,HANURA,3.474
BANTEN I,6,GARUDA,3.701
BANTEN I,6,PAN,43.826
BANTEN I,6,PBB,3.346
BANTEN I,6,DEMOKRAT,142.378
BANTEN I,6,PSI,16.280
BANTEN I,6,PERINDO,8.241
BANTEN I,6,PPP,83.706
BANTEN I,6,UMMAT,3.469
BANTEN II,6,PKB,34.413
BANTEN II,6,GERINDRA,80.361
BANTEN II,6,PDIP,60.271
BANTEN II,6,GOLKAR,65.969
BANTEN II,6,NASDEM,79.086
BANTEN II,6,BURUH,6.944
BANTEN II,6,GELORA,13.940
BANTEN II,6,PKS,67.703
BANTEN II,6,PKN,937
BANTEN II,6,HANURA,1.887
BANTEN II,6,GARUDA,2.807
BANTEN II,6,PAN,106.592
BANTEN II,6,PBB,3.650
BANTEN II,6,DEMOKRAT,53.804
BANTEN II,6,PSI,23.171
BANTEN II,6,PERINDO,4.462
BANTEN II,6,PPP,20.449
BANTEN II,6,UMMAT,2.282
BANTEN III,10,PKB,86.156
BANTEN III,10,GERINDRA,108.304
BANTEN III,10,PDIP,149.636
BANTEN III,10,GOLKAR,201.983
BANTEN III,10,NASDEM,62.783
BANTEN III,10,BURUH,12.556
BANTEN III,10,GELORA,21.018
BANTEN III,10,PKS,113.341
BANTEN III,10,PKN,2.494
BANTEN III,10,HANURA,4.397
BANTEN III,10,GARUDA,3.041
BANTEN III,10,PAN,81.201
BANTEN III,10,PBB,6.661
BANTEN III,10,DEMOKRAT,89.103
BANTEN III,10,PSI,70.005
BANTEN III,10,PERINDO,25.799
BANTEN III,10,PPP,30.116
BANTEN III,10,UMMAT,4.538
BALI,9,PKB,8.756
BALI,9,GERINDRA,77.553
BALI,9,PDIP,432.110
BALI,9,GOLKAR,91.876
BALI,9,NASDEM,38.030
BALI,9,BURUH,2.439
BALI,9,GELORA,12.535
BALI,9,PKS,3.800
BALI,9,PKN,6.303
BALI,9,HANURA,2.744
BALI,9,GARUDA,1.186
BALI,9,PAN,1.325
BALI,9,PBB,497
BALI,9,DEMOKRAT,40.295
BALI,9,PSI,16.667
BALI,9,PERINDO,2.528
BALI,9,PPP,1.213
BALI,9,UMMAT,604
NUSA TENGGARA BARAT I,3,PKB,101.675
NUSA TENGGARA BARAT I,3,GERINDRA,51.280
NUSA TENGGARA BARAT I,3,PDIP,34.819
NUSA TENGGARA BARAT I,3,GOLKAR,47.059
NUSA TENGGARA BARAT I,3,NASDEM,58.019
NUSA TENGGARA BARAT I,3,BURUH,3.270
NUSA TENGGARA BARAT I,3,GELORA,43.302
NUSA TENGGARA BARAT I,3,PKS,56.741
NUSA TENGGARA BARAT I,3,PKN,1.677
NUSA TENGGARA BARAT I,3,HANURA,5.196
NUSA TENGGARA BARAT I,3,GARUDA,4.033
NUSA TENGGARA BARAT I,3,PAN,56.827
NUSA TENGGARA BARAT I,3,PBB,3.330
NUSA TENGGARA BARAT I,3,DEMOKRAT,32.882
NUSA TENGGARA BARAT I,3,PSI,9.605
NUSA TENGGARA BARAT I,3,PERINDO,3.416
NUSA TENGGARA BARAT I,3,PPP,9.876
NUSA TENGGARA BARAT I,3,UMMAT,1.220
NUSA TENGGARA BARAT II,8,PKB,96.801
NUSA TENGGARA BARAT II,8,GERINDRA,216.967
NUSA TENGGARA BARAT II,8,PDIP,78.957
NUSA TENGGARA BARAT II,8,GOLKAR,111.595
NUSA TENGGARA BARAT II,8,NASDEM,83.732
NUSA TENGGARA BARAT II,8,BURUH,11.289
NUSA TENGGARA BARAT II,8,GELORA,30.455
NUSA TENGGARA BARAT II,8,PKS,128.071
NUSA TENGGARA BARAT II,8,PKN,5.134
NUSA TENGGARA BARAT II,8,HANURA,14.835
NUSA TENGGARA BARAT II,8,GARUDA,7.526
NUSA TENGGARA BARAT II,8,PAN,90.859
NUSA TENGGARA BARAT II,8,PBB,15.324
NUSA TENGGARA BARAT II,8,DEMOKRAT,90.138
NUSA TENGGARA BARAT II,8,PSI,32.929
NUSA TENGGARA BARAT II,8,PERINDO,129.305
NUSA TENGGARA BARAT II,8,PPP,99.093
NUSA TENGGARA BARAT II,8,UMMAT,4.369
NUSA TENGGARA TIMUR I,6,PKB,73.461
NUSA TENGGARA TIMUR I,6,GERINDRA,57.041
NUSA TENGGARA TIMUR I,6,PDIP,118.907
NUSA TENGGARA TIMUR I,6,GOLKAR,62.681
NUSA TENGGARA TIMUR I,6,NASDEM,63.417
NUSA TENGGARA TIMUR I,6,BURUH,4.968
NUSA TENGGARA TIMUR I,6,GELORA,3.923
NUSA TENGGARA TIMUR I,6,PKS,16.249
NUSA TENGGARA TIMUR I,6,PKN,4.006
NUSA TENGGARA TIMUR I,6,HANURA,19.935
NUSA TENGGARA TIMUR I,6,GARUDA,3.876
NUSA TENGGARA TIMUR I,6,PAN,72.795
NUSA TENGGARA TIMUR I,6,PBB,1.675
NUSA TENGGARA TIMUR I,6,DEMOKRAT,62.211
NUSA TENGGARA TIMUR I,6,PSI,22.773
NUSA TENGGARA TIMUR I,6,PERINDO,19.663
NUSA TENGGARA TIMUR I,6,PPP,9.842
NUSA TENGGARA TIMUR I,6,UMMAT,884
NUSA TENGGARA TIMUR II,7,PKB,38.719
NUSA TENGGARA TIMUR II,7,GERINDRA,69.680
NUSA TENGGARA TIMUR II,7,PDIP,77.038
NUSA TENGGARA TIMUR II,7,GOLKAR,95.518
NUSA TENGGARA TIMUR II,7,NASDEM,68.633
NUSA TENGGARA TIMUR II,7,BURUH,5.630
NUSA TENGGARA TIMUR II,7,GELORA,5.970
NUSA TENGGARA TIMUR II,7,PKS,5.236
NUSA TENGGARA TIMUR II,7,PKN,2.730
NUSA TENGGARA TIMUR II,7,HANURA,13.642
NUSA TENGGARA TIMUR II,7,GARUDA,4.056
NUSA TENGGARA TIMUR II,7,PAN,19.158
NUSA TENGGARA TIMUR II,7,PBB,2.061
NUSA TENGGARA TIMUR II,7,DEMOKRAT,83.158
NUSA TENGGARA TIMUR II,7,PSI,29.353
NUSA TENGGARA TIMUR II,7,PERINDO,17.144
NUSA TENGGARA TIMUR II,7,PPP,13.725
NUSA TENGGARA TIMUR II,7,UMMAT,1.039
KALIMANTAN BARAT I,8,PKB,89.368
KALIMANTAN BARAT I,8,GERINDRA,165.894
KALIMANTAN BARAT I,8,PDIP,225.306
KALIMANTAN BARAT I,8,GOLKAR,179.366
KALIMANTAN BARAT I,8,NASDEM,153.227
KALIMANTAN BARAT I,8,BURUH,4.879
KALIMANTAN BARAT I,8,GELORA,10.776
KALIMANTAN BARAT I,8,PKS,70.897
KALIMANTAN BARAT I,8,PKN,2.085
KALIMANTAN BARAT I,8,HANURA,34.579
KALIMANTAN BARAT I,8,GARUDA,2.900
KALIMANTAN BARAT I,8,PAN,67.499
KALIMANTAN BARAT I,8,PBB,2.394
KALIMANTAN BARAT I,8,DEMOKRAT,63.960
KALIMANTAN BARAT I,8,PSI,27.977
KALIMANTAN BARAT I,8,PERINDO,25.454
KALIMANTAN BARAT I,8,PPP,43.496
KALIMANTAN BARAT I,8,UMMAT,5.242
KALIMANTAN BARAT II,4,PKB,17.026
KALIMANTAN BARAT II,4,GERINDRA,39.057
KALIMANTAN BARAT II,4,PDIP,189.551
KALIMANTAN BARAT II,4,GOLKAR,60.914
KALIMANTAN BARAT II,4,NASDEM,134.875
KALIMANTAN BARAT II,4,BURUH,2.231
KALIMANTAN BARAT II,4,GELORA,3.745
KALIMANTAN BARAT II,4,PKS,7.926
KALIMANTAN BARAT II,4,PKN,821
KALIMANTAN BARAT II,4,HANURA,9.543
KALIMANTAN BARAT II,4,GARUDA,1.456
KALIMANTAN BARAT II,4,PAN,36.476
KALIMANTAN BARAT II,4,PBB,904
KALIMANTAN BARAT II,4,DEMOKRAT,16.498
KALIMANTAN BARAT II,4,PSI,15.259
KALIMANTAN BARAT II,4,PERINDO,4.158
KALIMANTAN BARAT II,4,PPP,26.141
KALIMANTAN BARAT II,4,UMMAT,742
KALIMANTAN TENGAH,6,PKB,57.623
KALIMANTAN TENGAH,6,GERINDRA,94.264
KALIMANTAN TENGAH,6,PDIP,153.943
KALIMANTAN TENGAH,6,GOLKAR,107.300
KALIMANTAN TENGAH,6,NASDEM,66.988
KALIMANTAN TENGAH,6,BURUH,3.331
KALIMANTAN TENGAH,6,GELORA,25.182
KALIMANTAN TENGAH,6,PKS,15.314
KALIMANTAN TENGAH,6,PKN,1.779
KALIMANTAN TENGAH,6,HANURA,6.194
KALIMANTAN TENGAH,6,GARUDA,2.618
KALIMANTAN TENGAH,6,PAN,64.981
KALIMANTAN TENGAH,6,PBB,2.446
KALIMANTAN TENGAH,6,DEMOKRAT,85.124
KALIMANTAN TENGAH,6,PSI,14.826
KALIMANTAN TENGAH,6,PERINDO,11.176
KALIMANTAN TENGAH,6,PPP,10.502
KALIMANTAN TENGAH,6,UMMAT,1.224
KALIMANTAN SELATAN I,6,PKB,39.300
KALIMANTAN SELATAN I,6,GERINDRA,46.772
KALIMANTAN SELATAN I,6,PDIP,26.567
KALIMANTAN SELATAN I,6,GOLKAR,149.914
KALIMANTAN SELATAN I,6,NASDEM,85.883
KALIMANTAN SELATAN I,6,BURUH,3.402
KALIMANTAN SELATAN I,6,GELORA,15.496
KALIMANTAN SELATAN I,6,PKS,60.172
KALIMANTAN SELATAN I,6,PKN,834
KALIMANTAN SELATAN I,6,HANURA,2.114
KALIMANTAN SELATAN I,6,GARUDA,1.954
KALIMANTAN SELATAN I,6,PAN,39.249
KALIMANTAN SELATAN I,6,PBB,2.227
KALIMANTAN SELATAN I,6,DEMOKRAT,46.946
KALIMANTAN SELATAN I,6,PSI,6.308
KALIMANTAN SELATAN I,6,PERINDO,4.295
KALIMANTAN SELATAN I,6,PPP,32.593
KALIMANTAN SELATAN I,6,UMMAT,2.349
KALIMANTAN SELATAN II,5,PKB,23.778
KALIMANTAN SELATAN II,5,GERINDRA,41.004
KALIMANTAN SELATAN II,5,PDIP,31.267
KALIMANTAN SELATAN II,5,GOLKAR,46.155
KALIMANTAN SELATAN II,5,NASDEM,34.181
KALIMANTAN SELATAN II,5,BURUH,1.947
KALIMANTAN SELATAN II,5,GELORA,8.978
KALIMANTAN SELATAN II,5,PKS,23.732
KALIMANTAN SELATAN II,5,PKN,341
KALIMANTAN SELATAN II,5,HANURA,1.896
KALIMANTAN SELATAN II,5,GARUDA,1.108
KALIMANTAN SELATAN II,5,PAN,76.308
KALIMANTAN SELATAN II,5,PBB,1.026
KALIMANTAN SELATAN II,5,DEMOKRAT,15.343
KALIMANTAN SELATAN II,5,PSI,7.676
KALIMANTAN SELATAN II,5,PERINDO,1.702
KALIMANTAN SELATAN II,5,PPP,9.519
KALIMANTAN SELATAN II,5,UMMAT,2.624
KALIMANTAN TIMUR,8,PKB,66.902
KALIMANTAN TIMUR,8,GERINDRA,102.855
KALIMANTAN TIMUR,8,PDIP,92.151
KALIMANTAN TIMUR,8,GOLKAR,185.822
KALIMANTAN TIMUR,8,NASDEM,66.685
KALIMANTAN TIMUR,8,BURUH,3.234
KALIMANTAN TIMUR,8,GELORA,26.047
KALIMANTAN TIMUR,8,PKS,43.438
KALIMANTAN TIMUR,8,PKN,1.173
KALIMANTAN TIMUR,8,HANURA,4.930
KALIMANTAN TIMUR,8,GARUDA,1.742
KALIMANTAN TIMUR,8,PAN,36.419
KALIMANTAN TIMUR,8,PBB,2.163
KALIMANTAN TIMUR,8,DEMOKRAT,43.555
KALIMANTAN TIMUR,8,PSI,16.384
KALIMANTAN TIMUR,8,PERINDO,3.981
KALIMANTAN TIMUR,8,PPP,12.149
KALIMANTAN TIMUR,8,UMMAT,1.563
KALIMANTAN UTARA,3,PKB,4.902
KALIMANTAN UTARA,3,GERINDRA,79.470
KALIMANTAN UTARA,3,PDIP,43.496
KALIMANTAN UTARA,3,GOLKAR,15.596
KALIMANTAN UTARA,3,NASDEM,19.578
KALIMANTAN UTARA,3,BURUH,1.151
KALIMANTAN UTARA,3,GELORA,4.339
KALIMANTAN UTARA,3,PKS,7.743
KALIMANTAN UTARA,3,PKN,531
KALIMANTAN UTARA,3,HANURA,5.088
KALIMANTAN UTARA,3,GARUDA,871
KALIMANTAN UTARA,3,PAN,5.168
KALIMANTAN UTARA,3,PBB,820
KALIMANTAN UTARA,3,DEMOKRAT,37.915
KALIMANTAN UTARA,3,PSI,2.840
KALIMANTAN UTARA,3,PERINDO,819
KALIMANTAN UTARA,3,PPP,5.915
KALIMANTAN UTARA,3,UMMAT,228
SULAWESI UTARA,6,PKB,11.011
SULAWESI UTARA,6,GERINDRA,73.474
SULAWESI UTARA,6,PDIP,322.421
SULAWESI UTARA,6,GOLKAR,126.938
SULAWESI UTARA,6,NASDEM,105.124
SULAWESI UTARA,6,BURUH,2.693
SULAWESI UTARA,6,GELORA,5.089
SULAWESI UTARA,6,PKS,16.782
SULAWESI UTARA,6,PKN,1.089
SULAWESI UTARA,6,HANURA,8.474
SULAWESI UTARA,6,GARUDA,1.367
SULAWESI UTARA,6,PAN,41.850
SULAWESI UTARA,6,PBB,2.139
SULAWESI UTARA,6,DEMOKRAT,194.003
SULAWESI UTARA,6,PSI,13.459
SULAWESI UTARA,6,PERINDO,14.830
SULAWESI UTARA,6,PPP,5.636
SULAWESI UTARA,6,UMMAT,625
SULAWESI TENGAH,7,PKB,66.446
SULAWESI TENGAH,7,GERINDRA,155.941
SULAWESI TENGAH,7,PDIP,86.357
SULAWESI TENGAH,7,GOLKAR,220.211
SULAWESI TENGAH,7,NASDEM,166.220
SULAWESI TENGAH,7,BURUH,6.490
SULAWESI TENGAH,7,GELORA,15.335
SULAWESI TENGAH,7,PKS,63.694
SULAWESI TENGAH,7,PKN,6.906
SULAWESI TENGAH,7,HANURA,20.791
SULAWESI TENGAH,7,GARUDA,4.120
SULAWESI TENGAH,7,PAN,83.036
SULAWESI TENGAH,7,PBB,9.681
SULAWESI TENGAH,7,DEMOKRAT,150.391
SULAWESI TENGAH,7,PSI,15.724
SULAWESI TENGAH,7,PERINDO,19.997
SULAWESI TENGAH,7,PPP,19.371
SULAWESI TENGAH,7,UMMAT,3.102
SULAWESI SELATAN I,8,PKB,52.179
SULAWESI SELATAN I,8,GERINDRA,106.744
SULAWESI SELATAN I,8,PDIP,71.663
SULAWESI SELATAN I,8,GOLKAR,128.424
SULAWESI SELATAN I,8,NASDEM,140.088
SULAWESI SELATAN I,8,BURUH,4.970
SULAWESI SELATAN I,8,GELORA,13.052
SULAWESI SELATAN I,8,PKS,121.483
SULAWESI SELATAN I,8,PKN,1.742
SULAWESI SELATAN I,8,HANURA,4.468
SULAWESI SELATAN I,8,GARUDA,3.094
SULAWESI SELATAN I,8,PAN,77.205
SULAWESI SELATAN I,8,PBB,2.459
SULAWESI SELATAN I,8,DEMOKRAT,46.681
SULAWESI SELATAN I,8,PSI,41.567
SULAWESI SELATAN I,8,PERINDO,11.604
SULAWESI SELATAN I,8,PPP,83.597
SULAWESI SELATAN I,8,UMMAT,4.681
SULAWESI SELATAN II,9,PKB,63.061
SULAWESI SELATAN II,9,GERINDRA,289.605
SULAWESI SELATAN II,9,PDIP,52.945
SULAWESI SELATAN II,9,GOLKAR,213.986
SULAWESI SELATAN II,9,NASDEM,125.222
SULAWESI SELATAN II,9,BURUH,4.139
SULAWESI SELATAN II,9,GELORA,15.203
SULAWESI SELATAN II,9,PKS,89.144
SULAWESI SELATAN II,9,PKN,2.790
SULAWESI SELATAN II,9,HANURA,4.972
SULAWESI SELATAN II,9,GARUDA,2.886
SULAWESI SELATAN II,9,PAN,97.075
SULAWESI SELATAN II,9,PBB,1.391
SULAWESI SELATAN II,9,DEMOKRAT,98.922
SULAWESI SELATAN II,9,PSI,4.108
SULAWESI SELATAN II,9,PERINDO,2.354
SULAWESI SELATAN II,9,PPP,115.000
SULAWESI SELATAN II,9,UMMAT,2.042
SULAWESI SELATAN III,7,PKB,38.255
SULAWESI SELATAN III,7,GERINDRA,196.669
SULAWESI SELATAN III,7,PDIP,59.741
SULAWESI SELATAN III,7,GOLKAR,146.355
SULAWESI SELATAN III,7,NASDEM,261.361
SULAWESI SELATAN III,7,BURUH,1.515
SULAWESI SELATAN III,7,GELORA,8.164
SULAWESI SELATAN III,7,PKS,10.804
SULAWESI SELATAN III,7,PKN,587
SULAWESI SELATAN III,7,HANURA,4.736
SULAWESI SELATAN III,7,GARUDA,1.814
SULAWESI SELATAN III,7,PAN,59.633
SULAWESI SELATAN III,7,PBB,1.786
SULAWESI SELATAN III,7,DEMOKRAT,93.283
SULAWESI SELATAN III,7,PSI,8.067
SULAWESI SELATAN III,7,PERINDO,4.149
SULAWESI SELATAN III,7,PPP,48.961
SULAWESI SELATAN III,7,UMMAT,603
SULAWESI TENGGARA,6,PKB,98.062
SULAWESI TENGGARA,6,GERINDRA,149.724
SULAWESI TENGGARA,6,PDIP,111.830
SULAWESI TENGGARA,6,GOLKAR,94.052
SULAWESI TENGGARA,6,NASDEM,129.330
SULAWESI TENGGARA,6,BURUH,5.024
SULAWESI TENGGARA,6,GELORA,19.791
SULAWESI TENGGARA,6,PKS,37.987
SULAWESI TENGGARA,6,PKN,5.214
SULAWESI TENGGARA,6,HANURA,10.002
SULAWESI TENGGARA,6,GARUDA,3.448
SULAWESI TENGGARA,6,PAN,68.825
SULAWESI TENGGARA,6,PBB,12.521
SULAWESI TENGGARA,6,DEMOKRAT,107.387
SULAWESI TENGGARA,6,PSI,19.009
SULAWESI TENGGARA,6,PERINDO,4.160
SULAWESI TENGGARA,6,PPP,73.867
SULAWESI TENGGARA,6,UMMAT,2.356
GORONTALO,3,PKB,9.943
GORONTALO,3,GERINDRA,97.355
GORONTALO,3,PDIP,32.494
GORONTALO,3,GOLKAR,113.271
GORONTALO,3,NASDEM,155.408
GORONTALO,3,BURUH,1.905
GORONTALO,3,GELORA,4.038
GORONTALO,3,PKS,11.889
GORONTALO,3,PKN,755
GORONTALO,3,HANURA,4.230
GORONTALO,3,GARUDA,1.235
GORONTALO,3,PAN,9.724
GORONTALO,3,PBB,1.042
GORONTALO,3,DEMOKRAT,9.596
GORONTALO,3,PSI,2.069
GORONTALO,3,PERINDO,4.255
GORONTALO,3,PPP,44.596
GORONTALO,3,UMMAT,747
SULAWESI BARAT,4,PKB,41.073
SULAWESI BARAT,4,GERINDRA,60.880
SULAWESI BARAT,4,PDIP,100.962
SULAWESI BARAT,4,GOLKAR,69.503
SULAWESI BARAT,4,NASDEM,111.165
SULAWESI BARAT,4,BURUH,2.131
SULAWESI BARAT,4,GELORA,8.532
SULAWESI BARAT,4,PKS,16.763
SULAWESI BARAT,4,PKN,1.057
SULAWESI BARAT,4,HANURA,4.573
SULAWESI BARAT,4,GARUDA,1.777
SULAWESI BARAT,4,PAN,80.360
SULAWESI BARAT,4,PBB,1.413
SULAWESI BARAT,4,DEMOKRAT,72.392
SULAWESI BARAT,4,PSI,4.070
SULAWESI BARAT,4,PERINDO,12.114
SULAWESI BARAT,4,PPP,10.101
SULAWESI BARAT,4,UMMAT,688
MALUKU,4,PKB,12.422
MALUKU,4,GERINDRA,40.676
MALUKU,4,PDIP,33.714
MALUKU,4,GOLKAR,20.329
MALUKU,4,NASDEM,24.168
MALUKU,4,BURUH,2.471
MALUKU,4,GELORA,3.535
MALUKU,4,PKS,35.317
MALUKU,4,PKN,3.879
MALUKU,4,HANURA,3.201
MALUKU,4,GARUDA,1.226
MALUKU,4,PAN,48.033
MALUKU,4,PBB,1.120
MALUKU,4,DEMOKRAT,20.561
MALUKU,4,PSI,6.240
MALUKU,4,PERINDO,6.543
MALUKU,4,PPP,4.989
MALUKU,4,UMMAT,452
MALUKU UTARA,3,PKB,26.750
MALUKU UTARA,3,GERINDRA,26.129
MALUKU UTARA,3,PDIP,67.779
MALUKU UTARA,3,GOLKAR,57.823
MALUKU UTARA,3,NASDEM,30.646
MALUKU UTARA,3,BURUH,2.461
MALUKU UTARA,3,GELORA,5.921
MALUKU UTARA,3,PKS,15.705
MALUKU UTARA,3,PKN,2.968
MALUKU UTARA,3,HANURA,3.876
MALUKU UTARA,3,GARUDA,3.830
MALUKU UTARA,3,PAN,31.189
MALUKU UTARA,3,PBB,2.996
MALUKU UTARA,3,DEMOKRAT,14.866
MALUKU UTARA,3,PSI,8.547
MALUKU UTARA,3,PERINDO,6.929
MALUKU UTARA,3,PPP,4.452
MALUKU UTARA,3,UMMAT,1.677
PAPUA,3,PKB,1.743
PAPUA,3,GERINDRA,5.260
PAPUA,3,PDIP,14.607
PAPUA,3,GOLKAR,5.611
PAPUA,3,NASDEM,10.661
PAPUA,3,BURUH,600
PAPUA,3,GELORA,1.296
PAPUA,3,PKS,2.237
PAPUA,3,PKN,996
PAPUA,3,HANURA,2.388
PAPUA,3,GARUDA,557
PAPUA,3,PAN,3.894
PAPUA,3,PBB,448
PAPUA,3,DEMOKRAT,3.539
PAPUA,3,PSI,2.255
PAPUA,3,PERINDO,1.995
PAPUA,3,PPP,765
PAPUA,3,UMMAT,585
PAPUA BARAT,3,PKB,2.578
PAPUA BARAT,3,GERINDRA,2.473
PAPUA BARAT,3,PDIP,2.389
PAPUA BARAT,3,GOLKAR,5.835
PAPUA BARAT,3,NASDEM,4.309
PAPUA BARAT,3,BURUH,247
PAPUA BARAT,3,GELORA,297
PAPUA BARAT,3,PKS,1.698
PAPUA BARAT,3,PKN,164
PAPUA BARAT,3,HANURA,264
PAPUA BARAT,3,GARUDA,109
PAPUA BARAT,3,PAN,670
PAPUA BARAT,3,PBB,159
PAPUA BARAT,3,DEMOKRAT,950
PAPUA BARAT,3,PSI,847
PAPUA BARAT,3,PERINDO,330
PAPUA BARAT,3,PPP,278
PAPUA BARAT,3,UMMAT,173
PAPUA SELATAN,3,PKB,2.104
PAPUA SELATAN,3,GERINDRA,1.819
PAPUA SELATAN,3,PDIP,1.831
PAPUA SELATAN,3,GOLKAR,2.054
PAPUA SELATAN,3,NASDEM,4.947
PAPUA SELATAN,3,BURUH,162
PAPUA SELATAN,3,GELORA,513
PAPUA SELATAN,3,PKS,3.064
PAPUA SELATAN,3,PKN,54
PAPUA SELATAN,3,HANURA,292
PAPUA SELATAN,3,GARUDA,98
PAPUA SELATAN,3,PAN,365
PAPUA SELATAN,3,PBB,104
PAPUA SELATAN,3,DEMOKRAT,357
PAPUA SELATAN,3,PSI,1.928
PAPUA SELATAN,3,PERINDO,435
PAPUA SELATAN,3,PPP,510
PAPUA SELATAN,3,UMMAT,35
PAPUA TENGAH,3,PKB,595
PAPUA TENGAH,3,GERINDRA,3.123
PAPUA TENGAH,3,PDIP,3.007
PAPUA TENGAH,3,GOLKAR,3.632
PAPUA TENGAH,3,NASDEM,1.013
PAPUA TENGAH,3,BURUH,235
PAPUA TENGAH,3,GELORA,292
PAPUA TENGAH,3,PKS,1.102
PAPUA TENGAH,3,PKN,332
PAPUA TENGAH,3,HANURA,261
PAPUA TENGAH,3,GARUDA,207
PAPUA TENGAH,3,PAN,604
PAPUA TENGAH,3,PBB,113
PAPUA TENGAH,3,DEMOKRAT,429
PAPUA TENGAH,3,PSI,979
PAPUA TENGAH,3,PERINDO,235
PAPUA TENGAH,3,PPP,448
PAPUA TENGAH,3,UMMAT,157
PAPUA BARAT DAYA,3,PKB,1.434
PAPUA BARAT DAYA,3,GERINDRA,3.726
PAPUA BARAT DAYA,3,PDIP,3.821
PAPUA BARAT DAYA,3,GOLKAR,13.514
PAPUA BARAT DAYA,3,NASDEM,4.999
PAPUA BARAT DAYA,3,BURUH,283
PAPUA BARAT DAYA,3,GELORA,426
PAPUA BARAT DAYA,3,PKS,2.605
PAPUA BARAT DAYA,3,PKN,128
PAPUA BARAT DAYA,3,HANURA,2.700
PAPUA BARAT DAYA,3,GARUDA,192
PAPUA BARAT DAYA,3,PAN,3.455
PAPUA BARAT DAYA,3,PBB,261
PAPUA BARAT DAYA,3,DEMOKRAT,6.803
PAPUA BARAT DAYA,3,PSI,938
PAPUA BARAT DAYA,3,PERINDO,938
PAPUA BARAT DAYA,3,PPP,715
PAPUA BARAT DAYA,3,UMMAT,47
PAPUA PEGUNUNGAN,3,PKB,0
PAPUA PEGUNUNGAN,3,GERINDRA,0
PAPUA PEGUNUNGAN,3,PDIP,0
PAPUA PEGUNUNGAN,3,GOLKAR,0
PAPUA PEGUNUNGAN,3,NASDEM,0
PAPUA PEGUNUNGAN,3,BURUH,0
PAPUA PEGUNUNGAN,3,GELORA,0
PAPUA PEGUNUNGAN,3,PKS,0
PAPUA PEGUNUNGAN,3,PKN,0
PAPUA PEGUNUNGAN,3,HANURA,0
PAPUA PEGUNUNGAN,3,GARUDA,0
PAPUA PEGUNUNGAN,3,PAN,0
PAPUA PEGUNUNGAN,3,PBB,0
PAPUA PEGUNUNGAN,3,DEMOKRAT,232
PAPUA PEGUNUNGAN,3,PSI,0
PAPUA PEGUNUNGAN,3,PERINDO,0
PAPUA PEGUNUNGAN,3,PPP,0
PAPUA PEGUNUNGAN,3,UMMAT,0
